{
  "Data": {
    "hitMeter": {
      "Top": 150.0,
      "TopRel": 0.5,
      "Left": -250.0,
      "LeftRel": 0.5,
      "Right": 250.0,
      "RightRel": 0.5,
      "Bottom": 20.0,
      "BottomRel": 0.5,
      "Enable": true,
      "Extra": {
        "JudgementPercolumn": false,
        "HitHorizontalScale": 3.0,
        "HitVerticalScale": 0.25,
        "HitThickness": 5,
        "ShowMarvellous": false,
        "FadeTime": 1500.0
      }
    },
    "combo": {
      "Top": 100.0,
      "TopRel": 0.5,
      "Left": -100.0,
      "LeftRel": 0.5,
      "Right": 100.0,
      "RightRel": 0.5,
      "Bottom": 101.0,
      "BottomRel": 0.5,
      "Enable": true,
      "Extra": {
        "baseSize": 40,
        "hitBumpAmount": 5,
        "missBumpAmount": 40,
        "comboCap": 1000,
        "scaleWithCombo": 0.02
      }
    },
    "progressBar": {
      "Top": -10.0,
      "TopRel": 1.0,
      "Left": 0.0,
      "LeftRel": 0.0,
      "Right": 0.0,
      "RightRel": 1.0,
      "Bottom": 0.0,
      "BottomRel": 1.0,
      "Enable": true,
      "Extra": {
        "Background": true
      }
    },
    "accuracy": {
      "Top": 50.0,
      "TopRel": 0.0,
      "Left": -200.0,
      "LeftRel": 0.5,
      "Right": 200.0,
      "RightRel": 0.5,
      "Bottom": 150.0,
      "BottomRel": 0.0,
      "Enable": true,
      "Extra": {}
    },
    "healthBar": {
      "Top": 20.0,
      "TopRel": 0.0,
      "Left": 20.0,
      "LeftRel": 0.0,
      "Right": 520.0,
      "RightRel": 0.0,
      "Bottom": 50.0,
      "BottomRel": 0.0,
      "Enable": true,
      "Extra": {
        "Horizontal": true
      }
    },
    "fps": {
      "Top": -180.0,
      "TopRel": 1.0,
      "Left": -220.0,
      "LeftRel": 1.0,
      "Right": -20.0,
      "RightRel": 1.0,
      "Bottom": -100.0,
      "BottomRel": 1.0,
      "Enable": false,
      "Extra": {}
    },
    "time": {
      "Top": -100.0,
      "TopRel": 1.0,
      "Left": -220.0,
      "LeftRel": 1.0,
      "Right": -20.0,
      "RightRel": 1.0,
      "Bottom": -20.0,
      "BottomRel": 1.0,
      "Enable": true,
      "Extra": {}
    },
    "timeLeft": {
      "Top": 20.0,
      "TopRel": 0.0,
      "Left": -220.0,
      "LeftRel": 1.0,
      "Right": -20.0,
      "RightRel": 1.0,
      "Bottom": 100.0,
      "BottomRel": 0.0,
      "Enable": false,
      "Extra": {}
    },
    "judgements": {
      "Top": -180.0,
      "TopRel": 0.5,
      "Left": 70.0,
      "LeftRel": 0.0,
      "Right": 320.0,
      "RightRel": 0.0,
      "Bottom": 180.0,
      "BottomRel": 0.5,
      "Enable": false,
      "Extra": {}
    }
  }
}