{
  "JudgeColors": [
    "Cyan",
    "Yellow",
    "0, 255, 100",
    "Blue",
    "Black",
    "Red"
  ],
  "Judges": [
    "Marvellous",
    "Perfect",
    "Good",
    "Bad",
    "Terrible",
    "Miss"
  ],
  "Font1": "Akrobat-Black.otf",
  "Font2": "Akrobat-Regular.otf",
  "MenuFont": "White",
  "SelectChart": "0, 180, 110",
  "DefaultThemeColor": "0, 160, 255",
  "ColumnWidth": 150,
  "NoteDepth": 20.0,
  "FlipHoldTail": true,
  "UseHoldTailTexture": true,
  "ColumnLightTime": 0.75,
  "CursorSize": 50
}